,user_id,movie_id,rating
2,45940958,30395843,5
3,45940958,1292272,5
4,45940958,30327842,5
5,45940958,33464883,3
6,45940958,30295905,4
7,45940958,1299624,5
8,45940958,1308162,4
9,45940958,26607693,4
10,45940958,30318116,3
11,iisakura,1578714,2
12,iisakura,3434070,1
13,iisakura,1292289,5
14,iisakura,4170301,4
15,iisakura,1306770,5
16,iisakura,2070308,5
17,iisakura,3718927,5
18,iisakura,4920528,4
19,iisakura,4305436,2
20,iisakura,4727477,3
21,iisakura,30318116,3
22,phoenix43,26793852,4
23,phoenix43,25837262,3
24,phoenix43,25980443,4
25,phoenix43,26766760,2
26,phoenix43,1548765,5
27,phoenix43,25884125,5
28,phoenix43,1302606,4
29,phoenix43,26322792,2
30,phoenix43,26259635,4
31,phoenix43,1308162,5
32,phoenix43,30318116,3
33,cabaret,21339377,4
34,cabaret,20471804,4
35,cabaret,11540884,5
36,cabaret,10543625,4
37,cabaret,10744409,5
38,cabaret,10744409,5
39,cabaret,7046520,4
40,cabaret,5998128,5
41,cabaret,3143676,5
42,cabaret,4883258,3
43,cabaret,30318116,5
44,wenzel,30318116,4
45,68942603,33420285,3
46,35711522,30318116,4
47,35711522,25887288,3
48,35711522,26931786,4
49,35711522,6390825,4
50,35711522,26781703,4
51,35711522,2158490,3
52,35711522,25821634,4
53,35711522,26799731,5
54,35711522,26378579,3
55,35711522,26926321,4
56,35711522,33420285,4
57,162549119,33420285,4
58,56080154,33420285,5
59,54150368,30257175,5
60,54150368,26282613,5
61,54150368,26282613,5
62,54150368,21360417,5
63,54150368,3707070,5
64,54150368,4826419,5
65,54150368,5322596,5
66,54150368,1305725,4
67,54150368,2230906,3
68,54150368,33420285,4
69,147781046,20515394,4
70,147781046,1889243,5
71,147781046,1291571,5
72,147781046,30314127,3
73,pirealwei,6966372,4
74,pirealwei,25846858,4
75,pirealwei,26022253,4
76,pirealwei,7065211,4
77,pirealwei,26220759,4
78,pirealwei,25760615,2
79,pirealwei,30314127,3
80,34617683,10944630,4
81,34617683,26735086,2
82,34617683,27618923,5
83,34617683,3026572,3
84,34617683,26696879,3
85,34617683,26337866,4
86,34617683,4214591,2
87,34617683,11589036,1
88,34617683,24987018,1
89,34617683,21937445,4
90,34617683,30314127,2
91,183679667,30314127,5
92,124623415,30314127,2
93,lingrui1995,30488569,4
94,lingrui1995,33442331,4
95,lingrui1995,33442331,4
96,lingrui1995,24697949,5
97,lingrui1995,4303624,5
98,lingrui1995,30488569,4
99,lingrui1995,33446498,2
100,lingrui1995,30211998,4
101,lingrui1995,34805219,3
102,lingrui1995,2364086,4
103,lingrui1995,30166972,4
104,flxjp,30166972,4
105,4901199,24532993,5
106,4901199,35014718,5
107,4901199,27114834,4
108,4901199,2303845,4
109,4901199,26100958,4
110,4901199,30166972,4
111,diewithme,30244560,5
112,diewithme,26746958,1
113,diewithme,26873657,1
114,diewithme,26884467,5
115,diewithme,26354336,3
116,diewithme,26779789,4
117,diewithme,25831874,3
118,diewithme,25881780,2
119,diewithme,25918597,1
120,diewithme,24745500,3
121,diewithme,30166972,4
122,qijiuzhiyue,4707585,1
123,qijiuzhiyue,4051608,2
124,qijiuzhiyue,4059245,4
125,qijiuzhiyue,4082544,2
126,qijiuzhiyue,5037113,5
127,qijiuzhiyue,1401523,4
128,qijiuzhiyue,4078562,2
129,qijiuzhiyue,3268192,2
130,qijiuzhiyue,1388176,3
131,qijiuzhiyue,3822842,3
132,qijiuzhiyue,30166972,4
133,kingfish,26664345,4
134,kingfish,21937445,5
135,kingfish,25897313,5
136,kingfish,3749974,4
137,kingfish,1292445,5
138,kingfish,2143930,4
139,kingfish,1296792,4
140,kingfish,1471837,5
141,kingfish,1298468,5
142,kingfish,1418651,5
143,kingfish,1292052,5
144,whiterhinoceros,2277051,5
145,whiterhinoceros,2300586,5
146,whiterhinoceros,1030388,3
147,whiterhinoceros,1836207,5
148,whiterhinoceros,1794171,4
149,whiterhinoceros,1419953,2
150,whiterhinoceros,1307931,3
151,whiterhinoceros,1009640,5
152,whiterhinoceros,1299799,5
153,whiterhinoceros,1223575,4
154,whiterhinoceros,1292052,5
155,hideinthecrowd,24529164,5
156,hideinthecrowd,20267987,4
157,hideinthecrowd,6967980,4
158,hideinthecrowd,6878446,4
159,hideinthecrowd,10768064,5
160,hideinthecrowd,2064935,4
161,hideinthecrowd,1441238,5
162,hideinthecrowd,5935737,5
163,hideinthecrowd,5994618,4
164,hideinthecrowd,3335362,5
165,hideinthecrowd,1292052,5
166,seawaver,1292052,5
167,melody1971,4184741,5
168,melody1971,5156863,4
169,melody1971,4149242,4
170,melody1971,5337550,4
171,melody1971,1304528,4
172,melody1971,1304528,4
173,melody1971,2137695,4
174,melody1971,1301118,3
175,melody1971,1297854,4
176,melody1971,5502680,3
177,melody1971,1292052,4
178,zingyu,7046723,5
179,zingyu,1756889,5
180,zingyu,1291561,5
181,ga0yang,5958397,5
182,ga0yang,5359493,5
183,ga0yang,3596502,3
184,ga0yang,4305436,5
185,ga0yang,4851046,2
186,ga0yang,5314318,5
187,ga0yang,4820650,2
188,ga0yang,4706451,5
189,ga0yang,3924434,4
190,ga0yang,2018131,5
191,ga0yang,1291561,5
192,sara127266,1759770,5
193,sara127266,1472127,5
194,sara127266,1484469,5
195,sara127266,1533935,5
196,sara127266,2330733,4
197,sara127266,1481065,5
198,sara127266,2974998,5
199,sara127266,1292969,5
200,sara127266,1782964,4
201,sara127266,1291561,5
202,luanluanyu,1084257,5
203,luanluanyu,1083277,3
204,luanluanyu,1028553,3
205,luanluanyu,1075492,4
206,luanluanyu,1320151,5
207,luanluanyu,1298898,4
208,luanluanyu,1037247,3
209,luanluanyu,1292220,4
210,luanluanyu,1272963,3
211,luanluanyu,1279658,3
212,luanluanyu,1291561,4
213,172350963,3319755,5
214,172350963,4202302,5
215,172350963,26799232,4
216,172350963,26290410,4
217,172350963,1293839,5
218,172350963,1292262,5
219,172350963,1308338,4
220,172350963,25820460,4
221,172350963,26302614,4
222,172350963,6040982,4
223,172350963,1291561,4
224,elevenrobin,25662329,5
225,copenlee,4899486,4
226,copenlee,4739952,5
227,copenlee,4729828,1
228,copenlee,4111335,5
229,copenlee,4022090,5
230,copenlee,3732499,4
231,copenlee,4122701,4
232,copenlee,3573048,3
233,copenlee,3573048,3
234,copenlee,3529375,4
235,copenlee,25662329,5
236,49824661,25662329,5
237,51679757,26334244,5
238,51679757,25662329,5
239,bina,25662329,5
240,tjz230,26022835,4
241,tjz230,3440075,5
242,tjz230,1905462,5
243,tjz230,1793904,4
244,tjz230,1307790,4
245,tjz230,1366856,3
246,tjz230,1296463,4
247,tjz230,1294768,3
248,tjz230,1878708,4
249,tjz230,1292722,5
250,beiliya,1436674,5
251,beiliya,6531656,5
252,beiliya,1292220,5
253,beiliya,1873281,5
254,beiliya,1292722,4
255,rebekah,4898547,5
256,rebekah,4305436,5
257,rebekah,1437370,5
258,rebekah,3010133,5
259,rebekah,2139305,5
260,rebekah,1293870,4
261,rebekah,2365260,4
262,rebekah,1291999,5
263,rebekah,1292722,5
264,cabaret,21339377,4
265,cabaret,20471804,4
266,cabaret,11540884,5
267,cabaret,10543625,4
268,cabaret,10744409,5
269,cabaret,10744409,5
270,cabaret,7046520,4
271,cabaret,5998128,5
272,cabaret,3143676,5
273,cabaret,4883258,3
274,cabaret,1292722,5
275,yyy18n,1292722,5
276,mzh2015,30221757,4
277,mzh2015,26715636,5
278,mzh2015,26862829,5
279,mzh2015,26926321,5
280,mzh2015,26603847,5
281,mzh2015,26790961,5
282,mzh2015,24529353,5
283,mzh2015,26752088,5
284,ruo1996,33420285,3
285,ruo1996,26984534,4
286,ruo1996,34809292,4
287,ruo1996,30277286,4
288,ruo1996,34670218,4
289,ruo1996,30468961,4
290,ruo1996,30421584,4
291,ruo1996,25931446,4
292,ruo1996,34927356,4
293,ruo1996,30329906,4
294,ruo1996,26752088,4
295,144459333,3230459,5
296,144459333,26972258,4
297,144459333,26607969,4
298,144459333,27622447,4
299,144459333,27079318,4
300,144459333,26654498,4
301,144459333,30128988,4
302,144459333,26965165,4
303,144459333,26966580,3
304,144459333,26611804,5
305,144459333,26752088,5
306,114551225,26752088,5
307,auxt,30481962,5
308,auxt,30352908,4
309,auxt,27072795,5
310,auxt,30176779,4
311,auxt,26930540,5
312,auxt,27029890,4
313,auxt,26992119,4
314,auxt,26910997,4
315,auxt,26776529,4
316,auxt,26630781,4
317,auxt,26752088,5
318,duduxiongzhifu,26992114,4
319,duduxiongzhifu,27191492,3
320,duduxiongzhifu,26847068,4
321,duduxiongzhifu,27157811,5
322,duduxiongzhifu,26762269,2
323,duduxiongzhifu,24299053,2
324,duduxiongzhifu,26878883,4
325,duduxiongzhifu,26933366,5
326,duduxiongzhifu,26307755,4
327,duduxiongzhifu,25890005,2
328,duduxiongzhifu,26794435,5
329,68499588,27032162,3
330,68499588,30257791,4
331,68499588,27008551,4
332,68499588,30439557,5
333,68499588,30272143,4
334,68499588,26100958,3
335,68499588,1950330,5
336,68499588,24773958,4
337,68499588,26992330,4
338,68499588,26761416,4
339,68499588,26794435,5
340,reave,26794435,5
341,rachel-rachel,26348103,5
342,rachel-rachel,1806555,5
343,rachel-rachel,3668287,5
344,rachel-rachel,1295520,5
345,rachel-rachel,2078864,5
346,rachel-rachel,30421907,5
347,rachel-rachel,30244560,5
348,rachel-rachel,30181455,5
349,rachel-rachel,27199901,5
350,rachel-rachel,27118271,4
351,rachel-rachel,26794435,2
352,tjz230,26022835,4
353,tjz230,3440075,5
354,tjz230,1905462,5
355,tjz230,1793904,4
356,tjz230,1307790,4
357,tjz230,1366856,3
358,tjz230,1296463,4
359,tjz230,1294768,3
360,tjz230,1878708,4
361,tjz230,26794435,5
362,qfy,25805741,3
363,qfy,5275059,5
364,qfy,4871122,4
365,qfy,3314871,5
366,qfy,1452923,4
367,qfy,1308808,5
368,qfy,3198015,4
369,qfy,2996855,4
370,qfy,1780168,5
371,qfy,2347257,4
372,qfy,1291546,5
373,rachel-rachel,26348103,5
374,rachel-rachel,1806555,5
375,rachel-rachel,3668287,5
376,rachel-rachel,1295520,5
377,rachel-rachel,2078864,5
378,rachel-rachel,30421907,5
379,rachel-rachel,30244560,5
380,rachel-rachel,30181455,5
381,rachel-rachel,27199901,5
382,rachel-rachel,27118271,4
383,rachel-rachel,1291546,5
384,GariberZyo,34946198,4
385,GariberZyo,26862829,5
386,GariberZyo,26630781,4
387,GariberZyo,26753594,5
388,GariberZyo,20514902,4
389,GariberZyo,26341370,4
390,GariberZyo,20390783,3
391,GariberZyo,6423699,5
392,GariberZyo,5281596,4
393,GariberZyo,1407397,4
394,GariberZyo,1291546,5
395,wenzel,1291546,5
396,1723626,3068206,5
397,1723626,4896263,4
398,1723626,2334904,5
399,1723626,1438652,4
400,1723626,1393859,5
401,1723626,1255625,4
402,1723626,3921162,4
403,1723626,1062193,4
404,1723626,3821057,5
405,1723626,3683409,2
406,1723626,1291546,5
407,bighead,27024959,3
408,bighead,30334073,2
409,bighead,1777410,5
410,bighead,5414391,5
411,bighead,1842589,2
412,bighead,1000280,5
413,bighead,1997681,4
414,bighead,1295644,5
415,airtony,1295644,5
416,Hamlet-Luang,26281367,5
417,Hamlet-Luang,1295644,5
418,MancunianJor,1295644,5
419,yidoudou,26741568,5
420,yidoudou,1322025,4
421,yidoudou,3131854,4
422,yidoudou,1413727,5
423,yidoudou,3670447,4
424,yidoudou,2294568,3
425,yidoudou,1780168,5
426,yidoudou,1774999,4
427,yidoudou,1292220,5
428,yidoudou,1465829,3
429,yidoudou,1295644,5
430,49615762,26387939,5
431,49615762,26683290,4
432,49615762,10533913,4
433,49615762,3569910,2
434,49615762,10831445,3
435,49615762,21318646,4
436,49615762,26265170,4
437,49615762,25966085,5
438,49615762,2385982,3
439,49615762,2904325,4
440,49615762,26387939,5
441,ourmovie,30282387,4
442,ourmovie,27054449,1
443,ourmovie,26265170,4
444,ourmovie,2075973,5
445,ourmovie,2146991,1
446,ourmovie,2149806,5
447,ourmovie,1760622,5
448,ourmovie,2124703,5
449,ourmovie,26387939,5
450,32747546,26387939,5
451,46126259,27172891,3
452,46126259,1853770,5
453,46126259,26219713,3
454,46126259,25716096,4
455,46126259,26786642,3
456,46126259,27039069,3
457,46126259,27093707,4
458,46126259,26366496,2
459,46126259,27024903,4
460,46126259,11803087,4
461,46126259,26387939,5
462,veverlee,34964557,4
463,veverlee,27205132,4
464,veverlee,34670218,4
465,veverlee,27010768,5
466,veverlee,30329906,3
467,veverlee,30354606,3
468,veverlee,30176393,4
469,veverlee,30318116,5
470,veverlee,34433766,4
471,veverlee,34879250,4
472,veverlee,26387939,4
473,tjz230,26022835,4
474,tjz230,3440075,5
475,tjz230,1905462,5
476,tjz230,1793904,4
477,tjz230,1307790,4
478,tjz230,1366856,3
479,tjz230,1296463,4
480,tjz230,1294768,3
481,tjz230,1878708,4
482,tjz230,1292720,5
483,magic828,26955946,5
484,magic828,1853770,4
485,magic828,30188253,3
486,magic828,30327842,5
487,magic828,30135113,4
488,magic828,6981153,5
489,magic828,26355979,4
490,magic828,1780330,4
491,magic828,27010768,5
492,magic828,33159859,4
493,magic828,1292720,5
494,josie_zhou,1292720,5
495,154019316,26876595,4
496,154019316,1432578,4
497,154019316,1292720,5
498,yuyan545,34992548,4
499,yuyan545,1292001,5
500,yuyan545,4913185,5
501,yuyan545,34911027,5
502,yuyan545,2036561,5
503,yuyan545,25884125,5
504,yuyan545,33426127,4
505,yuyan545,27199470,5
506,yuyan545,26728669,5
507,yuyan545,30186285,4
508,yuyan545,1292720,4
509,Miss.Encore,6311583,5
510,Miss.Encore,5392294,5
511,Miss.Encore,5312099,4
512,Miss.Encore,3819877,5
513,Miss.Encore,1449793,3
514,Miss.Encore,4894980,4
515,Miss.Encore,1439488,4
516,Miss.Encore,1294950,3
517,Miss.Encore,1867345,4
518,Miss.Encore,1449586,5
519,Miss.Encore,3319755,5
520,imuuuu,1891179,5
521,imuuuu,2135981,5
522,imuuuu,1465829,5
523,imuuuu,3319755,5
524,candyrice,3319755,4
525,kidcby,27046320,4
526,kidcby,26861447,4
527,kidcby,3319755,5
528,morningglory,21371574,4
529,morningglory,1034106,4
530,morningglory,6985810,4
531,morningglory,5308265,4
532,morningglory,1053259,3
533,morningglory,2165940,4
534,morningglory,2133390,3
535,morningglory,1394581,4
536,morningglory,3626416,3
537,morningglory,1652587,4
538,morningglory,3319755,4
539,linglong990,1293708,5
540,linglong990,2027938,3
541,linglong990,1922273,3
542,linglong990,1788392,3
543,linglong990,3793023,5
544,ztiti,3793023,5
545,MichelleHong,19997905,4
546,MichelleHong,4190262,5
547,MichelleHong,5264779,5
548,MichelleHong,4313213,5
549,MichelleHong,3793023,5
550,Lan.die,26874528,5
551,Lan.die,1474773,5
552,Lan.die,1474773,5
553,Lan.die,3793023,4
554,miuccia,26939261,4
555,miuccia,10876106,4
556,miuccia,1062608,4
557,miuccia,4082544,4
558,miuccia,3205232,4
559,miuccia,2334814,4
560,miuccia,3077791,5
561,miuccia,3011093,4
562,miuccia,1894751,3
563,miuccia,1385023,4
564,miuccia,3793023,3
565,Cao-Wei,25733522,5
566,Cao-Wei,25794443,3
567,Cao-Wei,1929463,4
568,Cao-Wei,10438426,3
569,Cao-Wei,4728518,3
570,Cao-Wei,6880590,3
571,Cao-Wei,5908477,2
572,Cao-Wei,5416009,4
573,Cao-Wei,4271894,2
574,Cao-Wei,5321843,4
575,Cao-Wei,30176393,4
576,55300712,10944630,3
577,55300712,30122633,3
578,55300712,20427187,4
579,55300712,20440053,5
580,55300712,26790961,2
581,55300712,26677985,5
582,55300712,27073828,2
583,55300712,2131940,3
584,55300712,26302614,5
585,55300712,19944106,3
586,55300712,30176393,3
587,diewithme,30244560,5
588,diewithme,26746958,1
589,diewithme,26873657,1
590,diewithme,26884467,5
591,diewithme,26354336,3
592,diewithme,26779789,4
593,diewithme,25831874,3
594,diewithme,25881780,2
595,diewithme,25918597,1
596,diewithme,24745500,3
597,diewithme,30176393,3
598,yalindongdong,34670218,4
599,yalindongdong,34911027,4
600,yalindongdong,30354606,4
601,yalindongdong,34813300,4
602,yalindongdong,30176393,4
603,yalindongdong,27052168,4
604,yalindongdong,27145039,4
605,yalindongdong,3168101,4
606,yalindongdong,26752088,4
607,yalindongdong,26925317,4
608,yalindongdong,30176393,4
609,ydyie,32489562,4
610,ydyie,10745208,4
611,ydyie,30371819,3
612,ydyie,30331959,4
613,ydyie,26952994,5
614,ydyie,30395836,5
615,ydyie,30252495,4
616,ydyie,27132510,4
617,ydyie,34927356,4
618,ydyie,30176393,4
619,180401152,34967081,5
620,180401152,34941182,3
621,180401152,30191989,4
622,180401152,2281698,4
623,180401152,24743375,4
624,180401152,27005982,4
625,180401152,27045331,4
626,180401152,30466860,2
627,130687315,3747034,3
628,130687315,30475767,4
629,130687315,30482003,2
630,130687315,30482003,2
631,130687315,26904658,5
632,130687315,26781333,4
633,130687315,30230682,4
634,130687315,26290367,3
635,130687315,2282477,5
636,130687315,5245615,3
637,130687315,30466860,2
638,210184936,30466860,1
639,210184936,30466860,1
640,210184936,30466860,1
641,210184936,34429008,1
642,210184936,27113507,4
643,210184936,30466860,1
644,82811080,30466860,3
645,151815851,27038968,4
646,151815851,26909463,3
647,151815851,25839052,3
648,151815851,25975243,2
649,151815851,5350027,3
650,151815851,5350027,3
651,151815851,1419969,3
652,151815851,26910820,3
653,151815851,6982558,2
654,151815851,26661191,3
655,151815851,30466860,2
656,tjz230,26022835,4
657,tjz230,3440075,5
658,tjz230,1905462,5
659,tjz230,1793904,4
660,tjz230,1307790,4
661,tjz230,1366856,3
662,tjz230,1296463,4
663,tjz230,1294768,3
664,tjz230,1878708,4
665,tjz230,26266893,4
666,satan163,30198715,4
667,satan163,30446788,4
668,satan163,26266893,3
669,63469119,30443118,3
670,63469119,30206424,4
671,63469119,4820710,4
672,63469119,26266893,1
673,lingrui1995,30488569,4
674,lingrui1995,33442331,4
675,lingrui1995,33442331,4
676,lingrui1995,24697949,5
677,lingrui1995,4303624,5
678,lingrui1995,30488569,4
679,lingrui1995,33446498,2
680,lingrui1995,30211998,4
681,lingrui1995,34805219,3
682,lingrui1995,2364086,4
683,lingrui1995,26266893,4
684,58713868,26266893,5
685,xilouchen,30325263,5
686,xilouchen,30166972,4
687,xilouchen,30221757,2
688,xilouchen,26899146,2
689,xilouchen,26100958,5
690,xilouchen,26715636,4
691,xilouchen,30263995,2
692,xilouchen,25986662,3
693,xilouchen,20495023,5
694,cloudy20011128,30359665,3
695,cloudy20011128,26926437,5
696,cloudy20011128,26936788,5
697,cloudy20011128,4206436,2
698,cloudy20011128,5908478,5
699,cloudy20011128,4833918,3
700,cloudy20011128,1294950,5
701,cloudy20011128,4210280,3
702,cloudy20011128,1792928,3
703,cloudy20011128,1308777,5
704,cloudy20011128,20495023,5
705,diewithme,30244560,5
706,diewithme,26746958,1
707,diewithme,26873657,1
708,diewithme,26884467,5
709,diewithme,26354336,3
710,diewithme,26779789,4
711,diewithme,25831874,3
712,diewithme,25881780,2
713,diewithme,25918597,1
714,diewithme,24745500,3
715,diewithme,20495023,4
716,joearde,33434927,4
717,joearde,20495023,5
718,LucFrance,26935296,3
719,LucFrance,20495023,4
720,1524942,1853768,5
721,1524942,3619100,5
722,1524942,2129039,5
723,1524942,3607666,5
724,1524942,3541415,5
725,qijiuzhiyue,4707585,1
726,qijiuzhiyue,4051608,2
727,qijiuzhiyue,4059245,4
728,qijiuzhiyue,4082544,2
729,qijiuzhiyue,5037113,5
730,qijiuzhiyue,1401523,4
731,qijiuzhiyue,4078562,2
732,qijiuzhiyue,3268192,2
733,qijiuzhiyue,1388176,3
734,qijiuzhiyue,3822842,3
735,qijiuzhiyue,3541415,4
736,autism,27034707,5
737,autism,3839227,4
738,autism,3771656,4
739,autism,1308259,5
740,autism,2201860,4
741,autism,1389924,4
742,autism,3541415,5
743,Dbxiong,3541415,5
744,ragingbull,1827374,3
745,ragingbull,1302100,4
746,ragingbull,3541415,3
747,casper0211,27060077,5
748,lingrui1995,30488569,4
749,lingrui1995,33442331,4
750,lingrui1995,33442331,4
751,lingrui1995,24697949,5
752,lingrui1995,4303624,5
753,lingrui1995,30488569,4
754,lingrui1995,33446498,2
755,lingrui1995,30211998,4
756,lingrui1995,34805219,3
757,lingrui1995,2364086,4
758,lingrui1995,27060077,5
759,tjz230,26022835,4
760,tjz230,3440075,5
761,tjz230,1905462,5
762,tjz230,1793904,4
763,tjz230,1307790,4
764,tjz230,1366856,3
765,tjz230,1296463,4
766,tjz230,1294768,3
767,tjz230,1878708,4
768,tjz230,27060077,4
769,zhangzongqian,3097572,4
770,zhangzongqian,26633257,4
771,zhangzongqian,25849049,3
772,zhangzongqian,1292679,4
773,zhangzongqian,26791455,4
774,zhangzongqian,26864178,1
775,zhangzongqian,3914513,2
776,zhangzongqian,27602110,4
777,zhangzongqian,27193571,4
778,zhangzongqian,27019527,4
779,zhangzongqian,27060077,4
780,veverlee,34964557,4
781,veverlee,27205132,4
782,veverlee,34670218,4
783,veverlee,27010768,5
784,veverlee,30329906,3
785,veverlee,30354606,3
786,veverlee,30176393,4
787,veverlee,30318116,5
788,veverlee,34433766,4
789,veverlee,34879250,4
790,veverlee,27060077,4
791,cevia,26683290,5
792,croath,26602304,4
793,croath,10553822,1
794,croath,25805741,4
795,croath,5323968,4
796,croath,6973376,4
797,croath,10588814,3
798,croath,3329887,5
799,croath,5450891,4
800,croath,2109781,5
801,croath,26683290,5
802,CharlesChou,6432898,5
803,CharlesChou,26683290,3
804,3540441,26654498,4
805,3540441,26746559,5
806,3540441,26309618,4
807,3540441,26689198,4
808,3540441,2303845,5
809,3540441,6537486,5
810,3540441,10756794,5
811,3540441,1914831,3
812,3540441,5153481,4
813,3540441,6896277,4
814,3540441,26683290,4
815,naocanqiang,26761416,5
816,naocanqiang,25921812,5
817,naocanqiang,24751763,5
818,naocanqiang,26683290,5
819,naocanqiang,25795773,4
820,naocanqiang,3410762,5
821,naocanqiang,3136897,5
822,naocanqiang,6786002,5
823,naocanqiang,4246125,4
824,naocanqiang,1293145,5
825,naocanqiang,26683290,5
826,nwwfewx,27069302,4
827,nwwfewx,34780437,4
828,nwwfewx,1792579,5
829,nwwfewx,1792575,4
830,nwwfewx,25883054,4
831,nwwfewx,26378573,4
832,nwwfewx,30206801,4
833,nwwfewx,27618864,4
834,nwwfewx,27599920,5
835,nwwfewx,27608239,5
836,nwwfewx,1292064,5
837,MonicaLi,3769740,4
838,MonicaLi,3680996,4
839,MonicaLi,1292064,4
840,VinKhan,34841756,4
841,VinKhan,33392008,4
842,VinKhan,30484931,4
843,VinKhan,26915156,4
844,VinKhan,26857890,1
845,VinKhan,26856101,5
846,VinKhan,26714864,3
847,VinKhan,25761178,5
848,VinKhan,20390474,5
849,VinKhan,10343999,5
850,VinKhan,1292064,5
851,bighead,27024959,3
852,bighead,30334073,2
853,bighead,1777410,5
854,bighead,5414391,5
855,bighead,1842589,2
856,bighead,1000280,5
857,bighead,1997681,4
858,bighead,1292064,3
859,basten1988,2226335,5
860,basten1988,25870342,4
861,basten1988,7054604,3
862,basten1988,20383645,5
863,basten1988,24872278,3
864,basten1988,24762153,4
865,basten1988,2061322,1
866,basten1988,6712293,3
867,basten1988,1966496,4
868,basten1988,5406427,5
869,basten1988,1292064,5
870,leo1983,1292213,5
871,crpily,30468961,5
872,crpily,26775933,4
873,crpily,25714740,3
874,crpily,25733470,5
875,crpily,4728076,3
876,crpily,1293733,4
877,crpily,10487226,4
878,crpily,5336240,5
879,crpily,11501640,5
880,crpily,4291275,4
881,crpily,1292213,5
882,kangbaohong,27145041,2
883,kangbaohong,6895950,3
884,kangbaohong,26846856,3
885,kangbaohong,30282767,4
886,kangbaohong,27097841,3
887,kangbaohong,3725324,3
888,kangbaohong,27037053,3
889,kangbaohong,26346327,4
890,kangbaohong,1652592,3
891,kangbaohong,26315728,3
892,kangbaohong,1292213,5
893,liusuer,34460763,3
894,liusuer,33436135,5
895,liusuer,26816383,4
896,liusuer,27668250,5
897,liusuer,6039412,4
898,liusuer,30196805,4
899,liusuer,27114834,3
900,liusuer,3097572,5
901,liusuer,30376977,4
902,liusuer,30295905,4
903,liusuer,1292213,5
904,zyl622,30230907,5
905,zyl622,30270978,5
906,zyl622,27199470,2
907,zyl622,26984949,5
908,zyl622,26942514,4
909,zyl622,24745248,5
910,zyl622,7004284,5
911,zyl622,20435568,4
912,zyl622,20428702,5
913,zyl622,3277484,4
914,zyl622,1292213,5
915,mihiro,1291546,5
916,mihiro,3742360,5
917,xzfd,34693685,3
918,xzfd,26266893,5
919,xzfd,30318719,5
920,xzfd,30324565,5
921,xzfd,6984064,3
922,xzfd,20473389,5
923,xzfd,6799191,2
924,xzfd,2028669,4
925,xzfd,4873490,4
926,xzfd,5355187,2
927,xzfd,3742360,5
928,sungdebbie,27590675,4
929,sungdebbie,34807388,5
930,sungdebbie,33420970,4
931,sungdebbie,34803308,2
932,sungdebbie,27022883,5
933,sungdebbie,30235440,4
934,sungdebbie,1088472,5
935,sungdebbie,26611804,5
936,sungdebbie,27614904,5
937,sungdebbie,27115563,5
938,sungdebbie,3742360,5
939,chimpanzee,3530403,5
940,chimpanzee,4718369,2
941,chimpanzee,5977835,4
942,chimpanzee,3626416,4
943,chimpanzee,1301678,5
944,chimpanzee,3313801,4
945,chimpanzee,1293976,3
946,chimpanzee,2268963,5
947,chimpanzee,2138507,1
948,chimpanzee,1292224,5
949,chimpanzee,3742360,3
950,171272098,26752088,5
951,171272098,26942674,5
952,171272098,27059130,5
953,171272098,26322642,3
954,171272098,3742360,5
955,darkiddy,11803087,4
956,darkiddy,26616690,4
957,darkiddy,26182910,4
958,darkiddy,26876595,4
959,darkiddy,2138467,3
960,darkiddy,1889243,5
961,darkiddy,20431537,4
962,darkiddy,1408473,1
963,darkiddy,3891385,4
964,darkiddy,10545776,5
965,darkiddy,1292001,5
966,piggytea,27125070,4
967,piggytea,26633257,5
968,piggytea,10727882,5
969,piggytea,1424741,5
970,piggytea,6784995,5
971,piggytea,1295763,4
972,piggytea,3053521,4
973,piggytea,1299112,5
974,piggytea,1291992,5
975,piggytea,1292001,5
976,lyiming2,2156810,3
977,lyiming2,2224447,5
978,lyiming2,1084435,3
979,lyiming2,1307970,4
980,lyiming2,1296206,4
981,lyiming2,1292001,5
982,rebekah,4898547,5
983,rebekah,4305436,5
984,rebekah,1437370,5
985,rebekah,3010133,5
986,rebekah,2139305,5
987,rebekah,1293870,4
988,rebekah,2365260,4
989,rebekah,1291999,5
990,rebekah,1292001,5
991,lingrui1995,30488569,4
992,lingrui1995,33442331,4
993,lingrui1995,33442331,4
994,lingrui1995,24697949,5
995,lingrui1995,4303624,5
996,lingrui1995,30488569,4
997,lingrui1995,33446498,2
998,lingrui1995,30211998,4
999,lingrui1995,34805219,3
1000,lingrui1995,2364086,4
1001,lingrui1995,1292001,4
1002,iris15,1361276,5
1003,iris15,1292272,4
1004,iris15,2356641,4
1005,iris15,1849031,5
1006,pinkonion,1849031,5
1007,zhl,1849031,3
1008,microblue,24298888,3
1009,microblue,1777582,3
1010,microblue,4849685,3
1011,microblue,4819712,5
1012,microblue,4819712,5
1013,microblue,3694361,3
1014,microblue,2983939,4
1015,microblue,3890324,3
1016,microblue,1405240,3
1017,microblue,1986006,4
1018,microblue,1849031,5
1019,bighead,27024959,3
1020,bighead,30334073,2
1021,bighead,1777410,5
1022,bighead,5414391,5
1023,bighead,1842589,2
1024,bighead,1000280,5
1025,bighead,1997681,4
1026,bighead,1849031,3
1027,cxyshang,26842702,4
1028,cxyshang,1889243,5
1029,ydyie,32489562,4
1030,ydyie,10745208,4
1031,ydyie,30371819,3
1032,ydyie,30331959,4
1033,ydyie,26952994,5
1034,ydyie,30395836,5
1035,ydyie,30252495,4
1036,ydyie,27132510,4
1037,ydyie,34927356,4
1038,ydyie,1889243,4
1039,3540441,26654498,4
1040,3540441,26746559,5
1041,3540441,26309618,4
1042,3540441,26689198,4
1043,3540441,2303845,5
1044,3540441,6537486,5
1045,3540441,10756794,5
1046,3540441,1914831,3
1047,3540441,5153481,4
1048,3540441,6896277,4
1049,3540441,1889243,4
1050,66738259,25937854,5
1051,66738259,7065154,5
1052,66738259,2063914,3
1053,66738259,1889243,5
1054,qijiuzhiyue,4707585,1
1055,qijiuzhiyue,4051608,2
1056,qijiuzhiyue,4059245,4
1057,qijiuzhiyue,4082544,2
1058,qijiuzhiyue,5037113,5
1059,qijiuzhiyue,1401523,4
1060,qijiuzhiyue,4078562,2
1061,qijiuzhiyue,3268192,2
1062,qijiuzhiyue,1388176,3
1063,qijiuzhiyue,3822842,3
1064,qijiuzhiyue,1889243,4
1065,farmyra,3011091,5
1066,bobomio,5941682,5
1067,bobomio,3011091,5
1068,Tata_1107,2993846,3
1069,Tata_1107,2336785,3
1070,Tata_1107,1293708,3
1071,Tata_1107,1291583,4
1072,Tata_1107,3718447,4
1073,Tata_1107,1959877,4
1074,Tata_1107,1308807,4
1075,Tata_1107,3063114,3
1076,Tata_1107,3550132,4
1077,Tata_1107,3227266,3
1078,Tata_1107,3011091,5
1079,daladida,26738112,4
1080,daladida,3011091,4
1081,ocean_kwai,3230462,3
1082,ocean_kwai,1295409,5
1083,ocean_kwai,1403307,5
1084,ocean_kwai,1422300,5
1085,ocean_kwai,3222423,5
1086,ocean_kwai,2044089,4
1087,ocean_kwai,1851857,5
1088,ocean_kwai,1305164,5
1089,ocean_kwai,1305179,5
1090,ocean_kwai,1918208,4
1091,ocean_kwai,3011091,3
1092,88652488,32659890,4
1093,lingrui1995,30488569,4
1094,lingrui1995,33442331,4
1095,lingrui1995,33442331,4
1096,lingrui1995,24697949,5
1097,lingrui1995,4303624,5
1098,lingrui1995,30488569,4
1099,lingrui1995,33446498,2
1100,lingrui1995,30211998,4
1101,lingrui1995,34805219,3
1102,lingrui1995,2364086,4
1103,lingrui1995,32659890,4
1104,152812677,20438964,3
1105,152812677,5300054,5
1106,152812677,30331149,2
1107,152812677,25937854,5
1108,152812677,26748673,3
1109,152812677,26309788,3
1110,152812677,5262339,5
1111,152812677,11526817,3
1112,152812677,26354572,4
1113,152812677,25927854,3
1114,152812677,32659890,4
1115,154736326,11583706,4
1116,154736326,34842268,4
1117,154736326,3014183,1
1118,154736326,10863574,3
1119,154736326,3921106,5
1120,154736326,11501640,3
1121,154736326,11618745,4
1122,154736326,20272884,4
1123,154736326,25986609,4
1124,154736326,1408130,5
1125,154736326,32659890,3
1126,kooloo73774,30395911,4
1127,kooloo73774,26986804,2
1128,kooloo73774,26986804,2
1129,kooloo73774,26986804,2
1130,kooloo73774,26986804,2
1131,kooloo73774,34841224,4
1132,kooloo73774,30196805,3
1133,kooloo73774,27114834,3
1134,kooloo73774,27114834,3
1135,kooloo73774,1292001,5
1136,kooloo73774,32659890,4
1137,smokey,30446736,4
1138,smokey,30140436,4
1139,smokey,27601742,5
1140,smokey,27029890,4
1141,smokey,26560166,1
1142,smokey,26422347,5
1143,smokey,25805741,3
1144,smokey,25723907,3
1145,smokey,26219108,5
1146,smokey,26219108,5
1147,smokey,25986180,4
1148,3540441,26654498,4
1149,3540441,26746559,5
1150,3540441,26309618,4
1151,3540441,26689198,4
1152,3540441,2303845,5
1153,3540441,6537486,5
1154,3540441,10756794,5
1155,3540441,1914831,3
1156,3540441,5153481,4
1157,3540441,6896277,4
1158,3540441,25986180,4
1159,RITABMW,25835285,4
1160,RITABMW,25978047,3
1161,RITABMW,19969225,4
1162,RITABMW,1866479,3
1163,RITABMW,7154686,5
1164,RITABMW,5360890,5
1165,RITABMW,4301043,3
1166,RITABMW,4883425,4
1167,RITABMW,5972036,3
1168,RITABMW,5912977,3
1169,RITABMW,25986180,4
1170,zhangjianjia,7065161,4
1171,zhangjianjia,10456894,2
1172,zhangjianjia,1300299,5
1173,zhangjianjia,3071441,4
1174,zhangjianjia,2464346,4
1175,zhangjianjia,25986180,4
1176,copenlee,4899486,4
1177,copenlee,4739952,5
1178,copenlee,4729828,1
1179,copenlee,4111335,5
1180,copenlee,4022090,5
1181,copenlee,3732499,4
1182,copenlee,4122701,4
1183,copenlee,3573048,3
1184,copenlee,3573048,3
1185,copenlee,3529375,4
1186,copenlee,25986180,5
1187,rachel-rachel,26348103,5
1188,rachel-rachel,1806555,5
1189,rachel-rachel,3668287,5
1190,rachel-rachel,1295520,5
1191,rachel-rachel,2078864,5
1192,rachel-rachel,30421907,5
1193,rachel-rachel,30244560,5
1194,rachel-rachel,30181455,5
1195,rachel-rachel,27199901,5
1196,rachel-rachel,27118271,4
1197,rachel-rachel,27010768,5
1198,luhua,3325435,4
1199,luhua,34853491,5
1200,luhua,26584183,5
1201,luhua,33385869,4
1202,luhua,33385298,4
1203,luhua,33385298,4
1204,luhua,4284098,5
1205,luhua,20280989,5
1206,luhua,6041326,5
1207,luhua,1999309,3
1208,luhua,27010768,3
1209,angle223,30196805,3
1210,angle223,26946624,4
1211,angle223,27145057,4
1212,angle223,6850547,4
1213,angle223,27052168,4
1214,angle223,4840388,3
1215,angle223,27615233,4
1216,angle223,30304024,4
1217,angle223,25812730,4
1218,angle223,1433736,3
1219,angle223,27010768,4
1220,70850814,26688480,4
1221,70850814,33417030,4
1222,70850814,30334970,4
1223,70850814,1303558,5
1224,70850814,26979204,3
1225,70850814,3097572,4
1226,70850814,30437755,5
1227,70850814,1292260,5
1228,70850814,1294767,4
1229,70850814,25966044,5
1230,70850814,27010768,5
1231,Cao-Wei,25733522,5
1232,Cao-Wei,25794443,3
1233,Cao-Wei,1929463,4
1234,Cao-Wei,10438426,3
1235,Cao-Wei,4728518,3
1236,Cao-Wei,6880590,3
1237,Cao-Wei,5908477,2
1238,Cao-Wei,5416009,4
1239,Cao-Wei,4271894,2
1240,Cao-Wei,5321843,4
1241,Cao-Wei,27010768,3
1242,zyl622,30230907,5
1243,zyl622,30270978,5
1244,zyl622,27199470,2
1245,zyl622,26984949,5
1246,zyl622,26942514,4
1247,zyl622,24745248,5
1248,zyl622,7004284,5
1249,zyl622,20435568,4
1250,zyl622,20428702,5
1251,zyl622,3277484,4
1252,zyl622,1291560,5
1253,ocean_kwai,3230462,3
1254,ocean_kwai,1295409,5
1255,ocean_kwai,1403307,5
1256,ocean_kwai,1422300,5
1257,ocean_kwai,3222423,5
1258,ocean_kwai,2044089,4
1259,ocean_kwai,1851857,5
1260,ocean_kwai,1305164,5
1261,ocean_kwai,1305179,5
1262,ocean_kwai,1918208,4
1263,ocean_kwai,1291560,3
1264,62675594,34911027,4
1265,62675594,30236335,5
1266,62675594,30247860,5
1267,62675594,25716096,5
1268,62675594,27204087,5
1269,62675594,27176870,4
1270,62675594,26830844,4
1271,62675594,26761277,5
1272,62675594,26430092,3
1273,62675594,25986748,5
1274,62675594,1291560,5
1275,bighead,27024959,3
1276,bighead,30334073,2
1277,bighead,1777410,5
1278,bighead,5414391,5
1279,bighead,1842589,2
1280,bighead,1000280,5
1281,bighead,1997681,4
1282,bighead,1291560,5
1283,tjz230,26022835,4
1284,tjz230,3440075,5
1285,tjz230,1905462,5
1286,tjz230,1793904,4
1287,tjz230,1307790,4
1288,tjz230,1366856,3
1289,tjz230,1296463,4
1290,tjz230,1294768,3
1291,tjz230,1878708,4
1292,tjz230,1291560,3
1293,Lirsid,1299398,5
1294,133046749,1299398,5
1295,ballteda,30466860,4
1296,ballteda,34670218,4
1297,ballteda,33417046,4
1298,ballteda,27109633,4
1299,ballteda,33400376,4
1300,ballteda,27050133,4
1301,ballteda,30423193,4
1302,ballteda,30282387,2
1303,ballteda,26100958,5
1304,ballteda,27135473,4
1305,ballteda,1299398,4
1306,tjz230,26022835,4
1307,tjz230,3440075,5
1308,tjz230,1905462,5
1309,tjz230,1793904,4
1310,tjz230,1307790,4
1311,tjz230,1366856,3
1312,tjz230,1296463,4
1313,tjz230,1294768,3
1314,tjz230,1878708,4
1315,tjz230,1299398,5
1316,154019316,26876595,4
1317,154019316,1432578,4
1318,154019316,1299398,5
1319,lunamu,6560058,4
1320,lunamu,2227293,3
1321,lunamu,4821046,3
1322,lunamu,30211998,4
1323,57971471,3226150,5
1324,57971471,30211998,5
1325,qijiuzhiyue,4707585,1
1326,qijiuzhiyue,4051608,2
1327,qijiuzhiyue,4059245,4
1328,qijiuzhiyue,4082544,2
1329,qijiuzhiyue,5037113,5
1330,qijiuzhiyue,1401523,4
1331,qijiuzhiyue,4078562,2
1332,qijiuzhiyue,3268192,2
1333,qijiuzhiyue,1388176,3
1334,qijiuzhiyue,3822842,3
1335,qijiuzhiyue,30211998,4
1336,47182866,26888496,5
1337,47182866,6390825,5
1338,47182866,26793157,5
1339,47182866,26718828,4
1340,47182866,25920885,5
1341,47182866,30211998,5
1342,karo1993,26378579,3
1343,karo1993,26386974,5
1344,karo1993,2338055,5
1345,karo1993,11620560,4
1346,karo1993,24405378,4
1347,karo1993,1889243,5
1348,karo1993,10455629,3
1349,karo1993,6560058,4
1350,karo1993,3068206,4
1351,karo1993,3338851,3
1352,karo1993,30211998,5
1353,zhutong,30237176,4
1354,zhutong,27125950,4
1355,zhutong,30170658,4
1356,zhutong,27046075,5
1357,zhutong,26925834,3
1358,zhutong,25887244,5
1359,zhutong,20473089,5
1360,zhutong,11615173,4
1361,zhutong,6872244,5
1362,zhutong,10484448,4
1363,zhutong,4920389,5
1364,114515320,4920389,4
1365,34347136,30466860,4
1366,34347136,27094895,4
1367,34347136,30394535,4
1368,34347136,30329153,4
1369,34347136,30362186,4
1370,34347136,30166972,5
1371,34347136,33400376,4
1372,34347136,26954859,5
1373,34347136,27202818,5
1374,34347136,30140107,4
1375,34347136,4920389,5
1376,diewithme,30244560,5
1377,diewithme,26746958,1
1378,diewithme,26873657,1
1379,diewithme,26884467,5
1380,diewithme,26354336,3
1381,diewithme,26779789,4
1382,diewithme,25831874,3
1383,diewithme,25881780,2
1384,diewithme,25918597,1
1385,diewithme,24745500,3
1386,diewithme,4920389,5
1387,truevoice,4920389,5
1388,lingrui1995,30488569,4
1389,lingrui1995,33442331,4
1390,lingrui1995,33442331,4
1391,lingrui1995,24697949,5
1392,lingrui1995,4303624,5
1393,lingrui1995,30488569,4
1394,lingrui1995,33446498,2
1395,lingrui1995,30211998,4
1396,lingrui1995,34805219,3
1397,lingrui1995,2364086,4
1398,lingrui1995,27605698,4
1399,miumiu-li,27052168,5
1400,miumiu-li,4840388,4
1401,miumiu-li,26916229,4
1402,miumiu-li,26336252,4
1403,miumiu-li,26810318,4
1404,miumiu-li,26630714,4
1405,miumiu-li,26985127,4
1406,miumiu-li,27615564,3
1407,miumiu-li,30122633,4
1408,miumiu-li,26804147,4
1409,miumiu-li,27605698,4
1410,1211567,26660368,5
1411,1211567,26801048,5
1412,1211567,26756260,4
1413,1211567,28514091,5
1414,1211567,26752088,5
1415,1211567,26416062,4
1416,1211567,26864184,4
1417,1211567,26939247,5
1418,1211567,27017278,5
1419,1211567,26754896,5
1420,1211567,27605698,3
1421,luzhiyu,30166972,4
1422,luzhiyu,3097572,3
1423,luzhiyu,30419744,4
1424,luzhiyu,26715636,4
1425,luzhiyu,26972258,4
1426,luzhiyu,30217561,3
1427,luzhiyu,27622447,4
1428,luzhiyu,27147739,5
1429,luzhiyu,27084376,3
1430,luzhiyu,27120179,5
1431,luzhiyu,27605698,3
1432,tjz230,26022835,4
1433,tjz230,3440075,5
1434,tjz230,1905462,5
1435,tjz230,1793904,4
1436,tjz230,1307790,4
1437,tjz230,1366856,3
1438,tjz230,1296463,4
1439,tjz230,1294768,3
1440,tjz230,1878708,4
1441,tjz230,27605698,4
1442,3540441,26654498,4
1443,3540441,26746559,5
1444,3540441,26309618,4
1445,3540441,26689198,4
1446,3540441,2303845,5
1447,3540441,6537486,5
1448,3540441,10756794,5
1449,3540441,1914831,3
1450,3540441,5153481,4
1451,3540441,6896277,4
1452,3540441,30170448,5
1453,lingrui1995,30488569,4
1454,lingrui1995,33442331,4
1455,lingrui1995,33442331,4
1456,lingrui1995,24697949,5
1457,lingrui1995,4303624,5
1458,lingrui1995,30488569,4
1459,lingrui1995,33446498,2
1460,lingrui1995,30211998,4
1461,lingrui1995,34805219,3
1462,lingrui1995,2364086,4
1463,lingrui1995,30170448,5
1464,shuixia1825,25890005,5
1465,shuixia1825,24719063,4
1466,shuixia1825,21941804,4
1467,shuixia1825,10355626,5
1468,shuixia1825,11527491,3
1469,shuixia1825,10594934,5
1470,shuixia1825,10807880,5
1471,shuixia1825,30170448,4
1472,51932396,30170448,4
1473,suewebber,30170448,5
1474,suewebber,3745292,5
1475,suewebber,3074503,5
1476,suewebber,30170448,5
1477,186208874,26100958,5
1478,agentmovie666,25887288,4
1479,agentmovie666,26100958,5
1480,agentmovie666,3878007,4
1481,agentmovie666,26636712,3
1482,agentmovie666,24773958,4
1483,agentmovie666,24773958,4
1484,agentmovie666,24773958,4
1485,agentmovie666,26640371,4
1486,agentmovie666,26997532,4
1487,agentmovie666,3914513,5
1488,agentmovie666,26100958,5
1489,145575037,26100958,5
1490,qijiuzhiyue,4707585,1
1491,qijiuzhiyue,4051608,2
1492,qijiuzhiyue,4059245,4
1493,qijiuzhiyue,4082544,2
1494,qijiuzhiyue,5037113,5
1495,qijiuzhiyue,1401523,4
1496,qijiuzhiyue,4078562,2
1497,qijiuzhiyue,3268192,2
1498,qijiuzhiyue,1388176,3
1499,qijiuzhiyue,3822842,3
1500,qijiuzhiyue,26100958,4
1501,35827809,1292722,5
1502,35827809,26719562,5
1503,35827809,6082808,5
1504,35827809,6969074,4
1505,35827809,10466059,4
1506,35827809,1918122,4
1507,35827809,2210001,5
1508,35827809,3883991,3
1509,35827809,26022097,4
1510,35827809,25726259,5
1511,35827809,26100958,4
1512,samuleP,1291549,4
1513,bighead,27024959,3
1514,bighead,30334073,2
1515,bighead,1777410,5
1516,bighead,5414391,5
1517,bighead,1842589,2
1518,bighead,1000280,5
1519,bighead,1997681,4
1520,bighead,1291549,5
1521,new4new4,30196805,4
1522,new4new4,26931786,5
1523,new4new4,19971676,4
1524,new4new4,30175306,4
1525,new4new4,1652592,4
1526,new4new4,3878007,4
1527,new4new4,26411410,1
1528,new4new4,26279289,5
1529,new4new4,26614893,5
1530,new4new4,26677495,4
1531,new4new4,1291549,5
1532,qdmimi19810920,34938986,5
1533,qdmimi19810920,27197024,4
1534,qdmimi19810920,30468961,5
1535,qdmimi19810920,34897038,4
1536,qdmimi19810920,34799189,4
1537,qdmimi19810920,34434309,4
1538,qdmimi19810920,34840201,4
1539,qdmimi19810920,24516833,3
1540,qdmimi19810920,34843152,4
1541,qdmimi19810920,34451656,5
1542,qdmimi19810920,1291549,5
1543,suzhenshu,34859222,4
1544,suzhenshu,30344118,5
1545,suzhenshu,1291549,5
1546,irisss,26366465,5
1547,irisss,1307914,5
1548,tjz230,26022835,4
1549,tjz230,3440075,5
1550,tjz230,1905462,5
1551,tjz230,1793904,4
1552,tjz230,1307790,4
1553,tjz230,1366856,3
1554,tjz230,1296463,4
1555,tjz230,1294768,3
1556,tjz230,1878708,4
1557,tjz230,1307914,5
1558,new4new4,30196805,4
1559,new4new4,26931786,5
1560,new4new4,19971676,4
1561,new4new4,30175306,4
1562,new4new4,1652592,4
1563,new4new4,3878007,4
1564,new4new4,26411410,1
1565,new4new4,26279289,5
1566,new4new4,26614893,5
1567,new4new4,26677495,4
1568,new4new4,1307914,5
1569,ballteda,30466860,4
1570,ballteda,34670218,4
1571,ballteda,33417046,4
1572,ballteda,27109633,4
1573,ballteda,33400376,4
1574,ballteda,27050133,4
1575,ballteda,30423193,4
1576,ballteda,30282387,2
1577,ballteda,26100958,5
1578,ballteda,27135473,4
1579,ballteda,1307914,5
1580,xiaolei_bgirl,1307914,4
1581,zyl622,30230907,5
1582,zyl622,30270978,5
1583,zyl622,27199470,2
1584,zyl622,26984949,5
1585,zyl622,26942514,4
1586,zyl622,24745248,5
1587,zyl622,7004284,5
1588,zyl622,20435568,4
1589,zyl622,20428702,5
1590,zyl622,3277484,4
1591,zyl622,1306249,4
1592,bighead,27024959,3
1593,bighead,30334073,2
1594,bighead,1777410,5
1595,bighead,5414391,5
1596,bighead,1842589,2
1597,bighead,1000280,5
1598,bighead,1997681,4
1599,bighead,1306249,4
1600,155985816,27052168,5
1601,155985816,19899707,5
1602,155985816,30163509,5
1603,155985816,26336252,5
1604,155985816,26416062,3
1605,155985816,26384741,4
1606,155985816,26811528,2
1607,155985816,27107131,5
1608,155985816,4920389,4
1609,155985816,4920389,4
1610,155985816,1306249,5
1611,156941004,25716096,4
1612,156941004,30304024,5
1613,156941004,1021056,4
1614,156941004,1292064,5
1615,156941004,26647117,5
1616,156941004,26752088,5
1617,156941004,27018285,4
1618,156941004,26393561,5
1619,156941004,26614893,4
1620,156941004,1292328,5
1621,156941004,1306249,4
1622,tommyvan,1306249,5
1623,Tavico,4099871,4
1624,Tavico,3801968,5
1625,Tavico,3838739,3
1626,Tavico,3837943,5
1627,Tavico,3814331,4
1628,Tavico,3785024,4
1629,Tavico,1295038,4
1630,ruxiaoguo,26774772,3
1631,ruxiaoguo,2131940,5
1632,ruxiaoguo,3041806,3
1633,ruxiaoguo,1936262,3
1634,ruxiaoguo,3313801,3
1635,ruxiaoguo,3158990,2
1636,ruxiaoguo,2976123,4
1637,ruxiaoguo,1963192,4
1638,ruxiaoguo,1465829,3
1639,ruxiaoguo,1295038,5
1640,amarantiness,1295038,5
1641,StevenTong,10532863,5
1642,StevenTong,6386345,4
1643,StevenTong,1305666,5
1644,StevenTong,10454374,4
1645,StevenTong,3921371,2
1646,StevenTong,3226141,5
1647,StevenTong,3176802,3
1648,StevenTong,1794226,5
1649,StevenTong,3097619,5
1650,StevenTong,1295038,5
1651,ellen0320,4218768,4
1652,ellen0320,3082186,5
1653,ellen0320,25985617,4
1654,ellen0320,1817253,5
1655,ellen0320,4739952,4
1656,ellen0320,25829175,5
1657,ellen0320,4858452,4
1658,ellen0320,1293088,4
1659,ellen0320,1839967,4
1660,ellen0320,10574468,4
1661,ellen0320,1295038,4
1662,zyunsan,1920836,4
1663,zyunsan,1364543,5
1664,zyunsan,4264384,3
1665,zyunsan,4273446,5
1666,zyunsan,1788058,5
1667,zyunsan,4171952,5
1668,zyunsan,1972732,3
1669,zyunsan,3212678,4
1670,zyunsan,4059760,3
1671,zyunsan,1456117,4
1672,zyunsan,2129039,3
1673,sagotutu,26663070,4
1674,sagotutu,25855056,4
1675,sagotutu,25855056,4
1676,sagotutu,3305873,4
1677,sagotutu,1920805,4
1678,sagotutu,1938312,4
1679,sagotutu,1499148,4
1680,sagotutu,2055017,4
1681,sagotutu,2131386,4
1682,sagotutu,1439890,4
1683,sagotutu,2129039,5
1684,ahbei,2129039,5
1685,copenlee,4899486,4
1686,copenlee,4739952,5
1687,copenlee,4729828,1
1688,copenlee,4111335,5
1689,copenlee,4022090,5
1690,copenlee,3732499,4
1691,copenlee,4122701,4
1692,copenlee,3573048,3
1693,copenlee,3573048,3
1694,copenlee,3529375,4
1695,copenlee,2129039,5
1696,153236523,2129039,5
1697,jiemoxiaomantou,3439455,4
1698,jiemoxiaomantou,3010130,3
1699,jiemoxiaomantou,2135981,3
1700,jiemoxiaomantou,3003093,4
1701,jiemoxiaomantou,2075391,4
1702,jiemoxiaomantou,2022979,3
1703,jiemoxiaomantou,1692648,5
1704,jiemoxiaomantou,1995118,4
1705,jiemoxiaomantou,1794202,4
1706,jiemoxiaomantou,2078050,5
1707,jiemoxiaomantou,1291543,4
1708,Kev.Garnett,25919910,4
1709,Kev.Garnett,3804891,5
1710,Kev.Garnett,2373195,5
1711,Kev.Garnett,1578507,5
1712,Kev.Garnett,2239292,5
1713,Kev.Garnett,4058786,3
1714,Kev.Garnett,1291543,4
1715,flaneur,1291543,4
1716,watermelon,1900006,5
1717,watermelon,2301059,5
1718,watermelon,3006309,5
1719,watermelon,3805953,5
1720,watermelon,3072124,5
1721,watermelon,2294568,3
1722,watermelon,1306313,5
1723,watermelon,3077668,5
1724,watermelon,1291841,5
1725,watermelon,4057312,2
1726,watermelon,1291543,5
1727,narahana,4898547,5
1728,narahana,1451472,4
1729,narahana,1316638,5
1730,narahana,3023526,4
1731,narahana,1761759,4
1732,narahana,1297344,5
1733,narahana,1452327,4
1734,narahana,1316605,5
1735,narahana,1351678,5
1736,narahana,1875835,5
1737,narahana,1291543,4
1738,Obtson,1929463,4
1739,luzhiyu,30166972,4
1740,luzhiyu,3097572,3
1741,luzhiyu,30419744,4
1742,luzhiyu,26715636,4
1743,luzhiyu,26972258,4
1744,luzhiyu,30217561,3
1745,luzhiyu,27622447,4
1746,luzhiyu,27147739,5
1747,luzhiyu,27084376,3
1748,luzhiyu,27120179,5
1749,luzhiyu,1929463,5
1750,conanemily,3097572,4
1751,conanemily,6850547,5
1752,conanemily,26394152,4
1753,conanemily,26374197,4
1754,conanemily,20438964,4
1755,conanemily,26972258,4
1756,conanemily,27622447,5
1757,conanemily,27050259,4
1758,conanemily,25849049,4
1759,conanemily,26746559,5
1760,conanemily,1929463,5
1761,kirk1226,1929463,5
1762,3540441,26654498,4
1763,3540441,26746559,5
1764,3540441,26309618,4
1765,3540441,26689198,4
1766,3540441,2303845,5
1767,3540441,6537486,5
1768,3540441,10756794,5
1769,3540441,1914831,3
1770,3540441,5153481,4
1771,3540441,6896277,4
1772,3540441,1929463,4
1773,butinoodle,3231742,2
1774,butinoodle,2158222,5
1775,butinoodle,3541415,5
1776,butinoodle,1819388,4
1777,butinoodle,3148748,5
1778,butinoodle,3066739,5
1779,butinoodle,3606975,5
1780,butinoodle,3135483,5
1781,butinoodle,4215755,5
1782,butinoodle,4167202,3
1783,butinoodle,1652587,5
1784,pigeye,4920389,4
1785,pigeye,22266320,4
1786,pigeye,1424620,3
1787,pigeye,1456197,4
1788,pigeye,1295416,5
1789,pigeye,1304710,4
1790,pigeye,1417892,5
1791,pigeye,1652587,4
1792,ztiti,1652587,4
1793,richer725,1652587,4
1794,Colorforever,3991933,5
1795,Colorforever,3274113,5
1796,Colorforever,3187737,4
1797,Colorforever,2567919,5
1798,Colorforever,1652587,5
1799,vivipico,1761780,5
1800,vivipico,1291546,5
1801,vivipico,1292208,5
1802,vivipico,1876781,3
1803,vivipico,1292215,5
1804,vivipico,1309015,5
1805,vivipico,2131459,5
1806,ChannaDisco,34906732,5
1807,ChannaDisco,26258470,4
1808,ChannaDisco,26799731,5
1809,ChannaDisco,27138828,5
1810,ChannaDisco,26930540,5
1811,ChannaDisco,26958615,4
1812,ChannaDisco,26806099,4
1813,ChannaDisco,26702166,4
1814,ChannaDisco,26307442,5
1815,ChannaDisco,25827935,5
1816,ChannaDisco,2131459,5
1817,cabaret,21339377,4
1818,cabaret,20471804,4
1819,cabaret,11540884,5
1820,cabaret,10543625,4
1821,cabaret,10744409,5
1822,cabaret,10744409,5
1823,cabaret,7046520,4
1824,cabaret,5998128,5
1825,cabaret,3143676,5
1826,cabaret,4883258,3
1827,cabaret,2131459,5
1828,ashinstancy,1828115,5
1829,ashinstancy,1851857,5
1830,ashinstancy,26461145,5
1831,ashinstancy,30310435,5
1832,ashinstancy,1418815,5
1833,ashinstancy,30167658,5
1834,ashinstancy,26302614,5
1835,ashinstancy,20495023,5
1836,ashinstancy,1408558,5
1837,ashinstancy,26727273,4
1838,ashinstancy,2131459,4
1839,airtony,2131459,5
1840,YthguaN,26580232,4
1841,yanluohan,26580232,4
1842,luhua,3325435,4
1843,luhua,34853491,5
1844,luhua,26584183,5
1845,luhua,33385869,4
1846,luhua,33385298,4
1847,luhua,33385298,4
1848,luhua,4284098,5
1849,luhua,20280989,5
1850,luhua,6041326,5
1851,luhua,1999309,3
1852,luhua,26580232,4
1853,kejinlong,24852545,1
1854,kejinlong,26887890,1
1855,kejinlong,7062596,3
1856,kejinlong,5045678,1
1857,kejinlong,26289144,4
1858,kejinlong,26277313,2
1859,kejinlong,24847343,3
1860,kejinlong,10537853,4
1861,kejinlong,1303769,3
1862,kejinlong,1306564,3
1863,kejinlong,26580232,3
1864,CyberKnight,26581837,2
1865,CyberKnight,26288174,5
1866,CyberKnight,26580232,3
1867,tjz230,26022835,4
1868,tjz230,3440075,5
1869,tjz230,1905462,5
1870,tjz230,1793904,4
1871,tjz230,1307790,4
1872,tjz230,1366856,3
1873,tjz230,1296463,4
1874,tjz230,1294768,3
1875,tjz230,1878708,4
1876,tjz230,1308807,4
1877,49289313,25983044,5
1878,49289313,19944106,5
1879,49289313,11589036,5
1880,49289313,26320029,5
1881,49289313,5327381,3
1882,49289313,10535568,5
1883,49289313,3793783,4
1884,49289313,10833924,5
1885,49289313,20376577,3
1886,49289313,2049435,5
1887,49289313,1308807,3
1888,zyl622,30230907,5
1889,zyl622,30270978,5
1890,zyl622,27199470,2
1891,zyl622,26984949,5
1892,zyl622,26942514,4
1893,zyl622,24745248,5
1894,zyl622,7004284,5
1895,zyl622,20435568,4
1896,zyl622,20428702,5
1897,zyl622,3277484,4
1898,zyl622,1308807,5
1899,zeroiris,25947054,5
1900,zeroiris,3882827,4
1901,zeroiris,3882759,4
1902,zeroiris,2996855,4
1903,zeroiris,1308807,5
1904,rakumm,33462337,5
1905,rakumm,25752261,3
1906,rakumm,25887972,5
1907,rakumm,6722879,5
1908,rakumm,10748120,5
1909,rakumm,5263638,5
1910,rakumm,4252085,4
1911,rakumm,3880846,3
1912,rakumm,4173393,5
1913,rakumm,2996640,5
1914,rakumm,1308807,5
1915,lingrui1995,30488569,4
1916,lingrui1995,33442331,4
1917,lingrui1995,33442331,4
1918,lingrui1995,24697949,5
1919,lingrui1995,4303624,5
1920,lingrui1995,30488569,4
1921,lingrui1995,33446498,2
1922,lingrui1995,30211998,4
1923,lingrui1995,34805219,3
1924,lingrui1995,2364086,4
1925,lingrui1995,30334073,4
1926,89451365,30413052,5
1927,89451365,26794435,4
1928,89451365,26266893,3
1929,89451365,30140571,4
1930,89451365,26972258,4
1931,89451365,26683723,4
1932,89451365,26862829,4
1933,89451365,26425068,4
1934,89451365,27063335,5
1935,89451365,26607693,4
1936,89451365,30334073,3
1937,zaneee,30334073,4
1938,152198358,30334073,5
1939,roseinthedark,34927511,3
1940,roseinthedark,34927509,3
1941,roseinthedark,2033493,2
1942,roseinthedark,30278258,3
1943,roseinthedark,30334073,5
1944,2340389,25839052,4
1945,2340389,25777330,1
1946,2340389,1022060,5
1947,2340389,25964071,5
1948,tjz230,26022835,4
1949,tjz230,3440075,5
1950,tjz230,1905462,5
1951,tjz230,1793904,4
1952,tjz230,1307790,4
1953,tjz230,1366856,3
1954,tjz230,1296463,4
1955,tjz230,1294768,3
1956,tjz230,1878708,4
1957,tjz230,25964071,5
1958,luhua,3325435,4
1959,luhua,34853491,5
1960,luhua,26584183,5
1961,luhua,33385869,4
1962,luhua,33385298,4
1963,luhua,33385298,4
1964,luhua,4284098,5
1965,luhua,20280989,5
1966,luhua,6041326,5
1967,luhua,1999309,3
1968,luhua,25964071,4
1969,qijiuzhiyue,4707585,1
1970,qijiuzhiyue,4051608,2
1971,qijiuzhiyue,4059245,4
1972,qijiuzhiyue,4082544,2
1973,qijiuzhiyue,5037113,5
1974,qijiuzhiyue,1401523,4
1975,qijiuzhiyue,4078562,2
1976,qijiuzhiyue,3268192,2
1977,qijiuzhiyue,1388176,3
1978,qijiuzhiyue,3822842,3
1979,qijiuzhiyue,25964071,3
1980,15183757,26794435,5
1981,15183757,26820836,4
1982,15183757,11776289,3
1983,15183757,24719063,4
1984,15183757,10741834,4
1985,15183757,23761370,4
1986,15183757,6875263,4
1987,15183757,25851827,4
1988,15183757,7054604,2
1989,15183757,10485647,5
1990,15183757,25964071,4
1991,155986723,25765735,5
1992,155986723,27080949,4
1993,155986723,1291557,4
1994,155986723,26088457,5
1995,155986723,20427014,3
1996,155986723,26956708,4
1997,155986723,26933239,4
1998,155986723,26748673,4
1999,155986723,25964071,4
2000,155986723,5989840,3
2001,155986723,26861685,5
2002,49213881,26861685,4
2003,sylviapoor,20443013,4
2004,sylviapoor,6872273,3
2005,sylviapoor,26861685,5
2006,hexiaoqin,30390144,4
2007,hexiaoqin,30378028,5
2008,hexiaoqin,27668250,4
2009,hexiaoqin,26728669,4
2010,hexiaoqin,30164448,4
2011,hexiaoqin,27191431,5
2012,hexiaoqin,26715636,4
2013,hexiaoqin,30427473,4
2014,hexiaoqin,30377703,4
2015,hexiaoqin,27615233,4
2016,hexiaoqin,26861685,4
2017,helle,30329015,5
2018,helle,30246276,3
2019,helle,26366496,3
2020,helle,26444858,5
2021,helle,26861685,5
2022,helle,1978709,4
2023,helle,22233895,4
2024,helle,1464716,4
2025,helle,26861685,5
2026,Ms.unknown,1292063,5
2027,allancywang,1440703,4
2028,allancywang,1292063,5
2029,zyl622,30230907,5
2030,zyl622,30270978,5
2031,zyl622,27199470,2
2032,zyl622,26984949,5
2033,zyl622,26942514,4
2034,zyl622,24745248,5
2035,zyl622,7004284,5
2036,zyl622,20435568,4
2037,zyl622,20428702,5
2038,zyl622,3277484,4
2039,zyl622,1292063,5
2040,tjz230,26022835,4
2041,tjz230,3440075,5
2042,tjz230,1905462,5
2043,tjz230,1793904,4
2044,tjz230,1307790,4
2045,tjz230,1366856,3
2046,tjz230,1296463,4
2047,tjz230,1294768,3
2048,tjz230,1878708,4
2049,tjz230,1292063,5
2050,lingrui1995,30488569,4
2051,lingrui1995,33442331,4
2052,lingrui1995,33442331,4
2053,lingrui1995,24697949,5
2054,lingrui1995,4303624,5
2055,lingrui1995,30488569,4
2056,lingrui1995,33446498,2
2057,lingrui1995,30211998,4
2058,lingrui1995,34805219,3
2059,lingrui1995,2364086,4
2060,lingrui1995,1292063,5
2061,hexiaoqin,30390144,4
2062,hexiaoqin,30378028,5
2063,hexiaoqin,27668250,4
2064,hexiaoqin,26728669,4
2065,hexiaoqin,30164448,4
2066,hexiaoqin,27191431,5
2067,hexiaoqin,26715636,4
2068,hexiaoqin,30427473,4
2069,hexiaoqin,30377703,4
2070,hexiaoqin,27615233,4
2071,hexiaoqin,26698897,4
2072,run11run,26698897,4
2073,154805320,27187829,3
2074,154805320,26366496,5
2075,154805320,26698897,4
2076,174030024,26698897,5
2077,151784886,26698897,3
2078,LadyInSatin,25900945,5
2079,LadyInSatin,25980443,4
2080,LadyInSatin,1300802,5
2081,LadyInSatin,1471410,4
2082,LadyInSatin,4221335,4
2083,LadyInSatin,1308483,3
2084,LadyInSatin,10438587,2
2085,LadyInSatin,2305564,5
2086,LadyInSatin,1309127,4
2087,LadyInSatin,1962973,5
2088,LadyInSatin,3287562,4
2089,spirit.seraph,20444464,5
2090,spirit.seraph,3287562,5
2091,luhua,3325435,4
2092,luhua,34853491,5
2093,luhua,26584183,5
2094,luhua,33385869,4
2095,luhua,33385298,4
2096,luhua,33385298,4
2097,luhua,4284098,5
2098,luhua,20280989,5
2099,luhua,6041326,5
2100,luhua,1999309,3
2101,luhua,3287562,3
2102,zhangzongqian,3097572,4
2103,zhangzongqian,26633257,4
2104,zhangzongqian,25849049,3
2105,zhangzongqian,1292679,4
2106,zhangzongqian,26791455,4
2107,zhangzongqian,26864178,1
2108,zhangzongqian,3914513,2
2109,zhangzongqian,27602110,4
2110,zhangzongqian,27193571,4
2111,zhangzongqian,27019527,4
2112,zhangzongqian,3287562,3
2113,6929997,3287562,5
2114,stella_zhou,11026735,4
2115,fuyuwinter,26715591,4
2116,fuyuwinter,26828027,4
2117,fuyuwinter,26339213,4
2118,fuyuwinter,26801048,5
2119,fuyuwinter,26751961,4
2120,fuyuwinter,25899386,3
2121,fuyuwinter,5968883,3
2122,fuyuwinter,1136991,4
2123,fuyuwinter,4741311,5
2124,fuyuwinter,10577733,5
2125,fuyuwinter,11026735,4
2126,qijiuzhiyue,4707585,1
2127,qijiuzhiyue,4051608,2
2128,qijiuzhiyue,4059245,4
2129,qijiuzhiyue,4082544,2
2130,qijiuzhiyue,5037113,5
2131,qijiuzhiyue,1401523,4
2132,qijiuzhiyue,4078562,2
2133,qijiuzhiyue,3268192,2
2134,qijiuzhiyue,1388176,3
2135,qijiuzhiyue,3822842,3
2136,qijiuzhiyue,11026735,4
2137,yalindongdong,34670218,4
2138,yalindongdong,34911027,4
2139,yalindongdong,30354606,4
2140,yalindongdong,34813300,4
2141,yalindongdong,30176393,4
2142,yalindongdong,27052168,4
2143,yalindongdong,27145039,4
2144,yalindongdong,3168101,4
2145,yalindongdong,26752088,4
2146,yalindongdong,26925317,4
2147,yalindongdong,11026735,5
2148,1704805,26635329,5
2149,1704805,5045678,4
2150,1704805,10466836,5
2151,1704805,26393259,4
2152,1704805,2973079,5
2153,1704805,2063914,3
2154,1704805,6082518,5
2155,1704805,3148089,3
2156,1704805,24733062,5
2157,1704805,10748120,5
2158,1704805,11026735,5
2159,lingrui1995,30488569,4
2160,lingrui1995,33442331,4
2161,lingrui1995,33442331,4
2162,lingrui1995,24697949,5
2163,lingrui1995,4303624,5
2164,lingrui1995,30488569,4
2165,lingrui1995,33446498,2
2166,lingrui1995,30211998,4
2167,lingrui1995,34805219,3
2168,lingrui1995,2364086,4
2169,lingrui1995,34805219,3
2170,duduxiongzhifu,26992114,4
2171,duduxiongzhifu,27191492,3
2172,duduxiongzhifu,26847068,4
2173,duduxiongzhifu,27157811,5
2174,duduxiongzhifu,26762269,2
2175,duduxiongzhifu,24299053,2
2176,duduxiongzhifu,26878883,4
2177,duduxiongzhifu,26933366,5
2178,duduxiongzhifu,26307755,4
2179,duduxiongzhifu,25890005,2
2180,duduxiongzhifu,34805219,2
2181,smokey,30446736,4
2182,smokey,30140436,4
2183,smokey,27601742,5
2184,smokey,27029890,4
2185,smokey,26560166,1
2186,smokey,26422347,5
2187,smokey,25805741,3
2188,smokey,25723907,3
2189,smokey,26219108,5
2190,smokey,26219108,5
2191,smokey,34805219,4
2192,127756116,34887412,5
2193,127756116,1303462,4
2194,127756116,1299107,3
2195,127756116,1295404,3
2196,127756116,1291839,4
2197,127756116,34805219,3
2198,dreamfox,1302351,3
2199,dreamfox,4830483,2
2200,dreamfox,34670218,4
2201,dreamfox,30160393,2
2202,dreamfox,30152072,4
2203,dreamfox,30306570,2
2204,dreamfox,27073179,4
2205,dreamfox,26628382,5
2206,dreamfox,26885074,3
2207,dreamfox,26970964,4
2208,dreamfox,34805219,4
2209,airan712,4920528,5
2210,airan712,4873490,4
2211,airan712,4896263,4
2212,airan712,2297862,5
2213,airan712,1302425,4
2214,velvetmomoko,1292329,5
2215,velvetmomoko,1291549,4
2216,velvetmomoko,1302425,4
2217,lltflyx,34808267,4
2218,lltflyx,34812339,3
2219,lltflyx,25772952,4
2220,lltflyx,25882801,5
2221,lltflyx,5922340,5
2222,lltflyx,25928661,4
2223,lltflyx,25961876,5
2224,lltflyx,25892399,3
2225,lltflyx,1301730,4
2226,lltflyx,2295864,4
2227,lltflyx,1302425,5
2228,bighead,27024959,3
2229,bighead,30334073,2
2230,bighead,1777410,5
2231,bighead,5414391,5
2232,bighead,1842589,2
2233,bighead,1000280,5
2234,bighead,1997681,4
2235,bighead,1302425,5
2236,ocean_kwai,3230462,3
2237,ocean_kwai,1295409,5
2238,ocean_kwai,1403307,5
2239,ocean_kwai,1422300,5
2240,ocean_kwai,3222423,5
2241,ocean_kwai,2044089,4
2242,ocean_kwai,1851857,5
2243,ocean_kwai,1305164,5
2244,ocean_kwai,1305179,5
2245,ocean_kwai,1918208,4
2246,ocean_kwai,1302425,5
